text,pilot,file
"CQ1. What parallels are there between the composition of music and the use of language, e.g. in the use of rhetorical delivery?","",file:///Users/ed4565/Development/polifonia/wp4-competency-questions/./stories/Sophia:%20Musicologist/Sophia%232_OriginsAndForm.md
"CQ1. What was the composer’s network (patrons, institutions …)?",MEETUPS,file:///Users/ed4565/Development/polifonia/wp4-competency-questions/./stories/Sophia:%20Musicologist/Sophia%231_MusiciansAndTheirEnvironment.md
"CQ1.1 What are the aspects that characterize an official source? E.g. context of production, creator’s role, relation between the source and political or national events",CHILD,file:///Users/ed4565/Development/polifonia/wp4-competency-questions/./stories/Ortenz:%20Music%20Historian/Ortenz%231_MusicAndChildhood.md
"CQ1.3 What are the aspects that characterize the source at hand as trustworthy? E.g. context of production, creator’s occupation",CHILD,file:///Users/ed4565/Development/polifonia/wp4-competency-questions/./stories/Ortenz:%20Music%20Historian/Ortenz%231_MusicAndChildhood.md
"CQ10: How did certain repertoires (e.g., Italian opera) circulate?",TUNES,file:///Users/ed4565/Development/polifonia/wp4-competency-questions/./stories/Mark:%20Computational%20Musicologist/Mark%231_FolkMusic.md
"CQ11: What did people ‘make of’, how  did they react to, e.g. music?",MEETUPS,file:///Users/ed4565/Development/polifonia/wp4-competency-questions/./stories/David:%20Music%20Historian/David%231_MusicHistorian.md
"CQ12: Inspect the degree to which metadata fields have been filled across the collections, see trends and gaps?",INTERLINK,file:///Users/ed4565/Development/polifonia/wp4-competency-questions/./stories/William:%20Curator%20Europeana/William%231EuropeanFolkMusic.md
"CQ12: Is there a person mentioned in the excerpt of the lyrics? If yes, what background information is available for him/her?",INTERLINK,file:///Users/ed4565/Development/polifonia/wp4-competency-questions/./stories/Sonia:%20Playlist%20User/Sonia%231_ExplorationMode.md
"CQ14: Can a set of bells be played electrically, manually, or both?",BELLS,file:///Users/ed4565/Development/polifonia/wp4-competency-questions/./stories/Keoma:%20Architect/Keoma%231_RestorationAndSoundPractices.md
"CQ14: What is the cause of a change, e.g. increasing number of concerts over time?",MEETUPS,file:///Users/ed4565/Development/polifonia/wp4-competency-questions/./stories/David:%20Music%20Historian/David%231_MusicHistorian.md
"CQ15: How/Using which tools is the set of bells played, when played manually?",BELLS,file:///Users/ed4565/Development/polifonia/wp4-competency-questions/./stories/Keoma:%20Architect/Keoma%231_RestorationAndSoundPractices.md
"CQ19: If this is the case, to what larger work does the composition belong?",TONALITIES,file:///Users/ed4565/Development/polifonia/wp4-competency-questions/./stories/Sethus:%20Music%20Theorist/Sethus%233_ConflictingAnalyticalAnnotations.md
"CQ1: Can I search for a musical content by applying filters (genre, historical period ...)?","",file:///Users/ed4565/Development/polifonia/wp4-competency-questions/./stories/Laurent:%20Music%20Journalist/Laurent%231_MusicArchives.md
"CQ1: Can we identify a tune (e.g. from an oral tradition) in our collection with music in another documented collection, e.g. RISM, NEUMA, ABC",TUNES,file:///Users/ed4565/Development/polifonia/wp4-competency-questions/./stories/Mark:%20Computational%20Musicologist/Mark%231_FolkMusic.md
"CQ1: Is there a digital space to represent and describe the concept of ""Opus"", and store digital scores related to an opus ?",FACETS,file:///Users/ed4565/Development/polifonia/wp4-competency-questions/./stories/Jorge:%20Librarian/Jorge%231_OrganizeMyLibrary.md
"CQ1: Search operations should be expressed on either raw-level features (eg melodic lines) or higher-level features (eg modes, cadences, triad patterns, etc.). The systm should retrieve efficiently all sources that match the search pattern, and identifiy pattern occurrences",FACETS,file:///Users/ed4565/Development/polifonia/wp4-competency-questions/./stories/Sethus:%20Music%20Theorist/Sethus%232_CreateRelevantCorpus.md
"CQ1: To which modes Vide homo has been assigned to in Tonalities? Leonhard, Bernhard, Harold, Siegfried, Frans and Alexander relate the motet to the tonus peregrinus. Robert, however, considers the work to be written in the mixolydian mode.",TONALITIES,file:///Users/ed4565/Development/polifonia/wp4-competency-questions/./stories/Sethus:%20Music%20Theorist/Sethus%231_ConflictingTheoreticalInterpretations.md
"CQ1: To which modes Vide homo has been assigned to in Tonalities? Leonhard, Bernhard, Harold, Siegfried, Frans and Alexander relate the motet to the tonus peregrinus. Robert, however, considers the work to be written in the mixolydian mode.",TONALITIES,file:///Users/ed4565/Development/polifonia/wp4-competency-questions/./stories/Sethus:%20Music%20Theorist/Sethus%233_ConflictingAnalyticalAnnotations.md
"CQ1: What are geographically distinct features of organs from region X? (e.g., in what differ 17th century Southern German organs from 17th century Spanish organs?).",ORGANS,file:///Users/ed4565/Development/polifonia/wp4-competency-questions/./stories/Amy:%20Organologist/Amy%231_OrganTrends.md
"CQ2. What relationships exist between different sources of information, e.g. payslips and accounts?",MEETUPS,file:///Users/ed4565/Development/polifonia/wp4-competency-questions/./stories/Sophia:%20Musicologist/Sophia%231_MusiciansAndTheirEnvironment.md
"CQ2. Why was a piece of music written to be evocative of something, e.g. the call of a cuckoo?","",file:///Users/ed4565/Development/polifonia/wp4-competency-questions/./stories/Sophia:%20Musicologist/Sophia%232_OriginsAndForm.md
"CQ2.10 Are there related events connected to the production of the source? E.g. national fests, war period, political or historical events",CHILD,file:///Users/ed4565/Development/polifonia/wp4-competency-questions/./stories/Ortenz:%20Music%20Historian/Ortenz%231_MusicAndChildhood.md
"CQ2.11 What is context of usage of the source? E.g. propaganda, personal account, review of an event, teaching",CHILD,file:///Users/ed4565/Development/polifonia/wp4-competency-questions/./stories/Ortenz:%20Music%20Historian/Ortenz%231_MusicAndChildhood.md
"CQ2.8 What type of source is it? E.g. Literary text, painting",CHILD,file:///Users/ed4565/Development/polifonia/wp4-competency-questions/./stories/Ortenz:%20Music%20Historian/Ortenz%231_MusicAndChildhood.md
"CQ2.9 What is the context of production of the source? E.g. academic, official source, personal or primary source, commission to an artist",CHILD,file:///Users/ed4565/Development/polifonia/wp4-competency-questions/./stories/Ortenz:%20Music%20Historian/Ortenz%231_MusicAndChildhood.md
"CQ20: If this is the case, in what other work(s) is the compositions quoted?",TONALITIES,file:///Users/ed4565/Development/polifonia/wp4-competency-questions/./stories/Sethus:%20Music%20Theorist/Sethus%233_ConflictingAnalyticalAnnotations.md
"CQ20: Using which execution technique(s) is the set of bells played, when played manually?",BELLS,file:///Users/ed4565/Development/polifonia/wp4-competency-questions/./stories/Keoma:%20Architect/Keoma%231_RestorationAndSoundPractices.md
"CQ23: If available online, what is the URL of the composition?",TONALITIES,file:///Users/ed4565/Development/polifonia/wp4-competency-questions/./stories/Sethus:%20Music%20Theorist/Sethus%233_ConflictingAnalyticalAnnotations.md
"CQ24: In the case of a manuscript/printed source, where is it housed?",TONALITIES,file:///Users/ed4565/Development/polifonia/wp4-competency-questions/./stories/Sethus:%20Music%20Theorist/Sethus%233_ConflictingAnalyticalAnnotations.md
"CQ26: If any, what is the license of the transcription?",TONALITIES,file:///Users/ed4565/Development/polifonia/wp4-competency-questions/./stories/Sethus:%20Music%20Theorist/Sethus%233_ConflictingAnalyticalAnnotations.md
"CQ29: To what tune families is tune family X related, given similarity measure Y?",TUNES,file:///Users/ed4565/Development/polifonia/wp4-competency-questions/./stories/Mark:%20Computational%20Musicologist/Mark%231_FolkMusic.md
"CQ2: Am I proposed  the most relevant criterias, or combination of criterias,  to expand an initial search ?",FACETS,file:///Users/ed4565/Development/polifonia/wp4-competency-questions/./stories/Jorge:%20Librarian/Jorge%232_FindSimilarScores.md
"CQ2: Are the criteria on which these interpretations are based true in the score and, if so, to what extent?",TONALITIES,file:///Users/ed4565/Development/polifonia/wp4-competency-questions/./stories/Sethus:%20Music%20Theorist/Sethus%231_ConflictingTheoreticalInterpretations.md
"CQ2: Are the criteria on which these interpretations are based true in the score and, if so, to what extent?",TONALITIES,file:///Users/ed4565/Development/polifonia/wp4-competency-questions/./stories/Sethus:%20Music%20Theorist/Sethus%233_ConflictingAnalyticalAnnotations.md
"CQ2: Can we compare music from different collections, e.g. from different countries to show connections/influences between musical styles?",TUNES,file:///Users/ed4565/Development/polifonia/wp4-competency-questions/./stories/Mark:%20Computational%20Musicologist/Mark%231_FolkMusic.md
"CQ2: Did musician X and performer Y ever met? Where, when, and why?",MEETUPS,file:///Users/ed4565/Development/polifonia/wp4-competency-questions/./stories/Ortenz:%20Music%20Historian/Ortenz%232_MusicalSocialNetwork.md
"CQ2: Is my collections and subcollections organisation based on clear concepts (e.g., genre, composer, period...) to gather Opuses ?",FACETS,file:///Users/ed4565/Development/polifonia/wp4-competency-questions/./stories/Jorge:%20Librarian/Jorge%231_OrganizeMyLibrary.md
"CQ2: What tunes are similar to tune X, given similarity measure Y?",TUNES,file:///Users/ed4565/Development/polifonia/wp4-competency-questions/./stories/Brendan:%20Traditional%20Musician/Brendan%231_FindTraditionalMusic.md
"CQ3: Am I able to nagivate, search and visualize  my collections and opus ?",FACETS,file:///Users/ed4565/Development/polifonia/wp4-competency-questions/./stories/Jorge:%20Librarian/Jorge%231_OrganizeMyLibrary.md
"CQ3: At each step, the result set takes the form of a subcorpus organized according to rich relationships, and enriched with user annotations",FACETS,file:///Users/ed4565/Development/polifonia/wp4-competency-questions/./stories/Sethus:%20Music%20Theorist/Sethus%232_CreateRelevantCorpus.md
"CQ3: Can I link fragments of sources and fragments of scores, such as for instance a measure in an Opus with a part of a reecording ?",FACETS,file:///Users/ed4565/Development/polifonia/wp4-competency-questions/./stories/Jorge:%20Librarian/Jorge%234LinkToSources.md
"CQ3: Can one assume that the modal ambiguity evidenced by the analytical interpretations is intended? Harold sees, for example, the use of modes in Lagrime as a religious symbol. Alexander suggests that Tansillo's texts set to music by Lassus can be read as an examination of conscience, advocated by post-Tridentine spirituality. Can these hypotheses be substantiated on the basis of Polifonia's analytical and heritage knowledge?",TONALITIES,file:///Users/ed4565/Development/polifonia/wp4-competency-questions/./stories/Sethus:%20Music%20Theorist/Sethus%231_ConflictingTheoreticalInterpretations.md
"CQ3: Can we compare music longitudinally, e.g. to see evolution of tonality and transition from modal to tonal? Working either at manuscript of collection level.",TUNES,file:///Users/ed4565/Development/polifonia/wp4-competency-questions/./stories/Mark:%20Computational%20Musicologist/Mark%231_FolkMusic.md
"CQ3: Can we visualize the relations between different media, different music etc?",INTERLINK,file:///Users/ed4565/Development/polifonia/wp4-competency-questions/./stories/Keith:%20Music%20Producer/Keith%231_MusicConnections.md
"CQ3: Given a set of tunes, from which collections are these tunes?",TUNES,file:///Users/ed4565/Development/polifonia/wp4-competency-questions/./stories/Brendan:%20Traditional%20Musician/Brendan%231_FindTraditionalMusic.md
"CQ3: How do libretto and music relate, e.g. in describing an emotion?","",file:///Users/ed4565/Development/polifonia/wp4-competency-questions/./stories/Ralph:%20Music%20Historian/Ralph%231_WordsAndMusic.md
"CQ3: In which context is the building located (urban, periurban...)?",BELLS,file:///Users/ed4565/Development/polifonia/wp4-competency-questions/./stories/Keoma:%20Architect/Keoma%231_RestorationAndSoundPractices.md
"CQ3: Which are all organs near to geographic coordinates x, y?",ORGANS,file:///Users/ed4565/Development/polifonia/wp4-competency-questions/./stories/Paul:%20Organ%20Advisor/Paul%231_OrganComparison.md
"CQ4. What relationships exist in a multi-line piece of music, i.e. over time and between the lines?","",file:///Users/ed4565/Development/polifonia/wp4-competency-questions/./stories/Sophia:%20Musicologist/Sophia%232_OriginsAndForm.md
"CQ4: A result set can be stored (in intention, not in extension) as a Relevant Corpus, and its definition can be revised at any moment",FACETS,file:///Users/ed4565/Development/polifonia/wp4-competency-questions/./stories/Sethus:%20Music%20Theorist/Sethus%232_CreateRelevantCorpus.md
"CQ4: Apart from Lasso’s possible exegetical intentions, what does this work tell us about the status of the modes at this moment in the history of composition?",TONALITIES,file:///Users/ed4565/Development/polifonia/wp4-competency-questions/./stories/Sethus:%20Music%20Theorist/Sethus%231_ConflictingTheoreticalInterpretations.md
"CQ4: Can we visualize changes in musical style over time, e.g. transition from modal to tonal (evolution curves - see Weiss et al. 2018 ‘Investigating style evolution of Western classical music: A computational approach’) - with zooming",TUNES,file:///Users/ed4565/Development/polifonia/wp4-competency-questions/./stories/Mark:%20Computational%20Musicologist/Mark%231_FolkMusic.md
"CQ4: Given a set of tunes, what tunes are from collection X?",TUNES,file:///Users/ed4565/Development/polifonia/wp4-competency-questions/./stories/Brendan:%20Traditional%20Musician/Brendan%231_FindTraditionalMusic.md
"CQ4: How does the presentation (text and music) of a work, e.g. an operatic aria, change over time, and depending on the artist?","",file:///Users/ed4565/Development/polifonia/wp4-competency-questions/./stories/Ralph:%20Music%20Historian/Ralph%231_WordsAndMusic.md
"CQ5. In early written music, what is left of the preceding unwritten tradition?","",file:///Users/ed4565/Development/polifonia/wp4-competency-questions/./stories/Sophia:%20Musicologist/Sophia%232_OriginsAndForm.md
"CQ51: Given organ X, what organs are similar according to similarity measure Y?",ORGANS,file:///Users/ed4565/Development/polifonia/wp4-competency-questions/./stories/Paul:%20Organ%20Advisor/Paul%231_OrganComparison.md
"CQ5: Can we visualize interconnections, e.g. of tunes which share melodic patterns or geographical origin?",TUNES,file:///Users/ed4565/Development/polifonia/wp4-competency-questions/./stories/Mark:%20Computational%20Musicologist/Mark%231_FolkMusic.md
"CQ5: How have the music and libretto been influenced by the historical, e.g. social, political and cultural, environment?","",file:///Users/ed4565/Development/polifonia/wp4-competency-questions/./stories/Ralph:%20Music%20Historian/Ralph%231_WordsAndMusic.md
"CQ5: Identify the dimensions and/or features that are relevant to support an on-the-fly reorganization of the digital library, whenever the standard organization does not meet the user's expectations",FACETS,file:///Users/ed4565/Development/polifonia/wp4-competency-questions/./stories/Jorge:%20Librarian/Jorge%231_OrganizeMyLibrary.md
"CQ5: Which performers (musicians, singers) have performed musical composition X? ",MUSICBO,file:///Users/ed4565/Development/polifonia/wp4-competency-questions/./stories/Carolina:%20Music%20Historian/Carolina%231_SourcesCrossAnalysis.md
"CQ6)What contexts are the word x, y, z, h related to?",MUSICBO,file:///Users/ed4565/Development/polifonia/wp4-competency-questions/./stories/Valeriana%20:%20Linguist/Valeriana%232_Terminology.md
"CQ6. How does the corpus of a composer compare with that of other composers, particularly those writing at the same time?","",file:///Users/ed4565/Development/polifonia/wp4-competency-questions/./stories/Sophia:%20Musicologist/Sophia%232_OriginsAndForm.md
"CQ6: Can I progressively explore the content of my library, adding criteria to refine large results ?",FACETS,file:///Users/ed4565/Development/polifonia/wp4-competency-questions/./stories/Jorge:%20Librarian/Jorge%231_OrganizeMyLibrary.md
"CQ6: Which performers (musicians, singers) have performed musical composition X for the first time? ",MUSICBO,file:///Users/ed4565/Development/polifonia/wp4-competency-questions/./stories/Carolina:%20Music%20Historian/Carolina%231_SourcesCrossAnalysis.md
"CQ7. Can we use a statistical comparison, or a particular ‘thumbprint’ in the music, to identify the composer of a piece of music?","",file:///Users/ed4565/Development/polifonia/wp4-competency-questions/./stories/Sophia:%20Musicologist/Sophia%232_OriginsAndForm.md
"CQ7: Are there significant variations in the frequencies between the manually produced sound and the electric sound, such as to have repercussions on the soundscape?",BELLS,file:///Users/ed4565/Development/polifonia/wp4-competency-questions/./stories/Keoma:%20Architect/Keoma%231_RestorationAndSoundPractices.md
"CQ7: What are the relations between the relevant countries, compositions, composers and performers in the various collections?",INTERLINK,file:///Users/ed4565/Development/polifonia/wp4-competency-questions/./stories/William:%20Curator%20Europeana/William%231EuropeanFolkMusic.md
"CQ8. When a musical structure, e.g. a motif, is found in two composers, is one copied from the other, or do they come out of a previous tradition?","",file:///Users/ed4565/Development/polifonia/wp4-competency-questions/./stories/Sophia:%20Musicologist/Sophia%232_OriginsAndForm.md
"CQ8: Has another musical piece ""the user likes"" been recorded in the same venue?",INTERLINK,file:///Users/ed4565/Development/polifonia/wp4-competency-questions/./stories/Sonia:%20Playlist%20User/Sonia%231_ExplorationMode.md
"CQ8: How have the relations between the relevant countries, compositions, composers and performers in the various collections changed over time?",INTERLINK,file:///Users/ed4565/Development/polifonia/wp4-competency-questions/./stories/William:%20Curator%20Europeana/William%231EuropeanFolkMusic.md
"CQ9: Are there excerpts of the lyrics available for a musical piece? If yes, which are they?",INTERLINK,file:///Users/ed4565/Development/polifonia/wp4-competency-questions/./stories/Sonia:%20Playlist%20User/Sonia%231_ExplorationMode.md
"Previous set of CQs. These are quite abstract, but not yet all covered by the set of CQs in the section above.",TUNES,file:///Users/ed4565/Development/polifonia/wp4-competency-questions/./stories/Mark:%20Computational%20Musicologist/Mark%231_FolkMusic.md
CQ1)what are the meanings of the word 'vocality' in Italian (x)?,MUSICBO,file:///Users/ed4565/Development/polifonia/wp4-competency-questions/./stories/Valeriana%20:%20Linguist/Valeriana%232_Terminology.md
CQ1. What is the difference between the ‘official’ perception of the role of music and how music is experienced?,CHILD,file:///Users/ed4565/Development/polifonia/wp4-competency-questions/./stories/Ortenz:%20Music%20Historian/Ortenz%231_MusicAndChildhood.md
CQ1.2 What are the official sources? What are the sources produced by ordinary people?,CHILD,file:///Users/ed4565/Development/polifonia/wp4-competency-questions/./stories/Ortenz:%20Music%20Historian/Ortenz%231_MusicAndChildhood.md
CQ1.4 What are the goals of the source?,CHILD,file:///Users/ed4565/Development/polifonia/wp4-competency-questions/./stories/Ortenz:%20Music%20Historian/Ortenz%231_MusicAndChildhood.md
CQ1.5 What is the emotional response of music listeners/authors in both types of sources?,CHILD,file:///Users/ed4565/Development/polifonia/wp4-competency-questions/./stories/Ortenz:%20Music%20Historian/Ortenz%231_MusicAndChildhood.md
CQ10: Are the theoretical models on which these criteria are based – for example the Zarlinian cadential scheme ^1-^3-^5 – in line with this work?,TONALITIES,file:///Users/ed4565/Development/polifonia/wp4-competency-questions/./stories/Sethus:%20Music%20Theorist/Sethus%233_ConflictingAnalyticalAnnotations.md
CQ10: How does the world of brass bands connect with that of elite music?,MEETUPS,file:///Users/ed4565/Development/polifonia/wp4-competency-questions/./stories/David:%20Music%20Historian/David%231_MusicHistorian.md
CQ10: How many search results are there per genre?,INTERLINK,file:///Users/ed4565/Development/polifonia/wp4-competency-questions/./stories/William:%20Curator%20Europeana/William%231EuropeanFolkMusic.md
CQ10: In what combinations of instruments the instrument was used?,"",file:///Users/ed4565/Development/polifonia/wp4-competency-questions/./stories/Sophia:%20Musicologist/Sophia%233_Reorchestration.md
CQ10: In which historical documents is there evidence of reception of musical composition X? ,MUSICBO,file:///Users/ed4565/Development/polifonia/wp4-competency-questions/./stories/Carolina:%20Music%20Historian/Carolina%231_SourcesCrossAnalysis.md
CQ10: Is the excerpt of the lyric featured in other musical pieces?,INTERLINK,file:///Users/ed4565/Development/polifonia/wp4-competency-questions/./stories/Sonia:%20Playlist%20User/Sonia%231_ExplorationMode.md
CQ10: Which are all organs with pedal range starting lower than X?,ORGANS,file:///Users/ed4565/Development/polifonia/wp4-competency-questions/./stories/Paul:%20Organ%20Advisor/Paul%231_OrganComparison.md
CQ10: Which is the extension of the whole set of bells in a bell tower?,BELLS,file:///Users/ed4565/Development/polifonia/wp4-competency-questions/./stories/Keoma:%20Architect/Keoma%231_RestorationAndSoundPractices.md
CQ10: Who was/were the scribe(s) of (manuscript) source X?,TUNES,file:///Users/ed4565/Development/polifonia/wp4-competency-questions/./stories/Mark:%20Computational%20Musicologist/Mark%231_FolkMusic.md
CQ11: In which bibliographic references is there evidence of reception of musical composition X? ,MUSICBO,file:///Users/ed4565/Development/polifonia/wp4-competency-questions/./stories/Carolina:%20Music%20Historian/Carolina%231_SourcesCrossAnalysis.md
CQ11: What are the connections between printed sources and manuscripts? (manuscripts could be copies of printed sources),TUNES,file:///Users/ed4565/Development/polifonia/wp4-competency-questions/./stories/Mark:%20Computational%20Musicologist/Mark%231_FolkMusic.md
CQ11: What are the differences between ancient and modern version of the same instrument?,"",file:///Users/ed4565/Development/polifonia/wp4-competency-questions/./stories/Sophia:%20Musicologist/Sophia%233_Reorchestration.md
CQ11: What is the relevant metadata for music collections and what do the different fields mean?,INTERLINK,file:///Users/ed4565/Development/polifonia/wp4-competency-questions/./stories/William:%20Curator%20Europeana/William%231EuropeanFolkMusic.md
CQ11: What is the tension between the expected theoretical criteria and their actual realisation in the work?,TONALITIES,file:///Users/ed4565/Development/polifonia/wp4-competency-questions/./stories/Sethus:%20Music%20Theorist/Sethus%233_ConflictingAnalyticalAnnotations.md
CQ11: What was the repertoire of scribe X (i.e. all compostions written down by X)?,TUNES,file:///Users/ed4565/Development/polifonia/wp4-competency-questions/./stories/Mark:%20Computational%20Musicologist/Mark%231_FolkMusic.md
CQ11: Which are all organs with pedal range ending higher than X?,ORGANS,file:///Users/ed4565/Development/polifonia/wp4-competency-questions/./stories/Paul:%20Organ%20Advisor/Paul%231_OrganComparison.md
CQ11: Which is the source of the excerpt of the lyrics?,INTERLINK,file:///Users/ed4565/Development/polifonia/wp4-competency-questions/./stories/Sonia:%20Playlist%20User/Sonia%231_ExplorationMode.md
CQ11: Which is the weight of the bell?,BELLS,file:///Users/ed4565/Development/polifonia/wp4-competency-questions/./stories/Keoma:%20Architect/Keoma%231_RestorationAndSoundPractices.md
CQ12: To what corpus does this work belong?,TONALITIES,file:///Users/ed4565/Development/polifonia/wp4-competency-questions/./stories/Sethus:%20Music%20Theorist/Sethus%233_ConflictingAnalyticalAnnotations.md
CQ12: Which are all organs with wind system type X?,ORGANS,file:///Users/ed4565/Development/polifonia/wp4-competency-questions/./stories/Paul:%20Organ%20Advisor/Paul%231_OrganComparison.md
CQ12: Which are the measures of the bell?,BELLS,file:///Users/ed4565/Development/polifonia/wp4-competency-questions/./stories/Keoma:%20Architect/Keoma%231_RestorationAndSoundPractices.md
CQ12: Which is the medium of performance of musical composition X? ,MUSICBO,file:///Users/ed4565/Development/polifonia/wp4-competency-questions/./stories/Carolina:%20Music%20Historian/Carolina%231_SourcesCrossAnalysis.md
CQ12: Who was the author of a piece of music?,MEETUPS,file:///Users/ed4565/Development/polifonia/wp4-competency-questions/./stories/David:%20Music%20Historian/David%231_MusicHistorian.md
CQ12: Who was the publisher of (printed) source X?,TUNES,file:///Users/ed4565/Development/polifonia/wp4-competency-questions/./stories/Mark:%20Computational%20Musicologist/Mark%231_FolkMusic.md
CQ13: What is publication year of printed source X?,TUNES,file:///Users/ed4565/Development/polifonia/wp4-competency-questions/./stories/Mark:%20Computational%20Musicologist/Mark%231_FolkMusic.md
CQ13: What is the name of the corpus?,TONALITIES,file:///Users/ed4565/Development/polifonia/wp4-competency-questions/./stories/Sethus:%20Music%20Theorist/Sethus%233_ConflictingAnalyticalAnnotations.md
CQ13: What kind of execution techniques are possible to perform according to a specific mounting system?,BELLS,file:///Users/ed4565/Development/polifonia/wp4-competency-questions/./stories/Keoma:%20Architect/Keoma%231_RestorationAndSoundPractices.md
CQ13: What was the country of origin of a piece of music?,MEETUPS,file:///Users/ed4565/Development/polifonia/wp4-competency-questions/./stories/David:%20Music%20Historian/David%231_MusicHistorian.md
CQ13: Which are all organs with temperament X?,ORGANS,file:///Users/ed4565/Development/polifonia/wp4-competency-questions/./stories/Paul:%20Organ%20Advisor/Paul%231_OrganComparison.md
CQ13: Which was the first medium of performance of musical composition X? ,MUSICBO,file:///Users/ed4565/Development/polifonia/wp4-competency-questions/./stories/Carolina:%20Music%20Historian/Carolina%231_SourcesCrossAnalysis.md
CQ14: What is the pseudonyme of the composer for X?,TONALITIES,file:///Users/ed4565/Development/polifonia/wp4-competency-questions/./stories/Sethus:%20Music%20Theorist/Sethus%233_ConflictingAnalyticalAnnotations.md
CQ14: Which are all compositions that are in source X?,TUNES,file:///Users/ed4565/Development/polifonia/wp4-competency-questions/./stories/Mark:%20Computational%20Musicologist/Mark%231_FolkMusic.md
CQ14: Which are all organs with year of construction after X?,ORGANS,file:///Users/ed4565/Development/polifonia/wp4-competency-questions/./stories/Paul:%20Organ%20Advisor/Paul%231_OrganComparison.md
CQ14: Which instruments are involved in musical composition X? ,MUSICBO,file:///Users/ed4565/Development/polifonia/wp4-competency-questions/./stories/Carolina:%20Music%20Historian/Carolina%231_SourcesCrossAnalysis.md
CQ15: What is current location of source X?,TUNES,file:///Users/ed4565/Development/polifonia/wp4-competency-questions/./stories/Mark:%20Computational%20Musicologist/Mark%231_FolkMusic.md
CQ15: What is the birthdate of the composer?,TONALITIES,file:///Users/ed4565/Development/polifonia/wp4-competency-questions/./stories/Sethus:%20Music%20Theorist/Sethus%233_ConflictingAnalyticalAnnotations.md
CQ15: Which are all organs with year of construction before X?,ORGANS,file:///Users/ed4565/Development/polifonia/wp4-competency-questions/./stories/Paul:%20Organ%20Advisor/Paul%231_OrganComparison.md
CQ15: Which voices are involved in musical composition X? ,MUSICBO,file:///Users/ed4565/Development/polifonia/wp4-competency-questions/./stories/Carolina:%20Music%20Historian/Carolina%231_SourcesCrossAnalysis.md
CQ16: In which tonality was written the musical composition X for the first time? ,MUSICBO,file:///Users/ed4565/Development/polifonia/wp4-competency-questions/./stories/Carolina:%20Music%20Historian/Carolina%231_SourcesCrossAnalysis.md
CQ16: What is the date of death of the composer?,TONALITIES,file:///Users/ed4565/Development/polifonia/wp4-competency-questions/./stories/Sethus:%20Music%20Theorist/Sethus%233_ConflictingAnalyticalAnnotations.md
CQ16: Where is the church/bell tower?,BELLS,file:///Users/ed4565/Development/polifonia/wp4-competency-questions/./stories/Keoma:%20Architect/Keoma%231_RestorationAndSoundPractices.md
CQ16: Where to find a digital scan of source X (url)?,TUNES,file:///Users/ed4565/Development/polifonia/wp4-competency-questions/./stories/Mark:%20Computational%20Musicologist/Mark%231_FolkMusic.md
CQ16: Which are all organs built by organ builder X?,ORGANS,file:///Users/ed4565/Development/polifonia/wp4-competency-questions/./stories/Paul:%20Organ%20Advisor/Paul%231_OrganComparison.md
CQ17: How many bells are in the church?,BELLS,file:///Users/ed4565/Development/polifonia/wp4-competency-questions/./stories/Keoma:%20Architect/Keoma%231_RestorationAndSoundPractices.md
CQ17: To what genre does the composition belong?,TONALITIES,file:///Users/ed4565/Development/polifonia/wp4-competency-questions/./stories/Sethus:%20Music%20Theorist/Sethus%233_ConflictingAnalyticalAnnotations.md
CQ17: What is the title of composition X in source Y?,TUNES,file:///Users/ed4565/Development/polifonia/wp4-competency-questions/./stories/Mark:%20Computational%20Musicologist/Mark%231_FolkMusic.md
CQ17: Which are all organs which has been maintained or restored by builder X?,ORGANS,file:///Users/ed4565/Development/polifonia/wp4-competency-questions/./stories/Paul:%20Organ%20Advisor/Paul%231_OrganComparison.md
CQ17: Which is/are the composer(s) of the musical composition X? ,MUSICBO,file:///Users/ed4565/Development/polifonia/wp4-competency-questions/./stories/Carolina:%20Music%20Historian/Carolina%231_SourcesCrossAnalysis.md
CQ18: To what collection does of the composition belong?,TONALITIES,file:///Users/ed4565/Development/polifonia/wp4-competency-questions/./stories/Sethus:%20Music%20Theorist/Sethus%233_ConflictingAnalyticalAnnotations.md
CQ18: What is the tune indication of composition X in source Y?,TUNES,file:///Users/ed4565/Development/polifonia/wp4-competency-questions/./stories/Mark:%20Computational%20Musicologist/Mark%231_FolkMusic.md
CQ18: Which are all organs that are linked to person X?,ORGANS,file:///Users/ed4565/Development/polifonia/wp4-competency-questions/./stories/Paul:%20Organ%20Advisor/Paul%231_OrganComparison.md
CQ18: Which is the mouth diameter of the bell?,BELLS,file:///Users/ed4565/Development/polifonia/wp4-competency-questions/./stories/Keoma:%20Architect/Keoma%231_RestorationAndSoundPractices.md
CQ18: Who has spoken about the musical composition X? ,MUSICBO,file:///Users/ed4565/Development/polifonia/wp4-competency-questions/./stories/Carolina:%20Music%20Historian/Carolina%231_SourcesCrossAnalysis.md
CQ19: On what page (or folio) is composition X in source Y?,TUNES,file:///Users/ed4565/Development/polifonia/wp4-competency-questions/./stories/Mark:%20Computational%20Musicologist/Mark%231_FolkMusic.md
CQ19: Which are all organs with more than X bellows?,ORGANS,file:///Users/ed4565/Development/polifonia/wp4-competency-questions/./stories/Paul:%20Organ%20Advisor/Paul%231_OrganComparison.md
CQ19: Which is the sound bow of the bell?,BELLS,file:///Users/ed4565/Development/polifonia/wp4-competency-questions/./stories/Keoma:%20Architect/Keoma%231_RestorationAndSoundPractices.md
CQ19: Who has spoken about the musical performance X? ,MUSICBO,file:///Users/ed4565/Development/polifonia/wp4-competency-questions/./stories/Carolina:%20Music%20Historian/Carolina%231_SourcesCrossAnalysis.md
CQ1: Can I find interesting materials without applying filters?,ORGANS,file:///Users/ed4565/Development/polifonia/wp4-competency-questions/./stories/Andrea:%20Theology%20Scholar/Andrea%231_Serendipity.md
CQ1: Can I link digital sources to an Opus ?,FACETS,file:///Users/ed4565/Development/polifonia/wp4-competency-questions/./stories/Jorge:%20Librarian/Jorge%234LinkToSources.md
CQ1: Can I susesimilarity criterias based on metadata and features of musical works ?,FACETS,file:///Users/ed4565/Development/polifonia/wp4-competency-questions/./stories/Jorge:%20Librarian/Jorge%232_FindSimilarScores.md
CQ1: Can we find relations between different artists and music?,INTERLINK,file:///Users/ed4565/Development/polifonia/wp4-competency-questions/./stories/Keith:%20Music%20Producer/Keith%231_MusicConnections.md
CQ1: In which collections/datasets does song X occur?,INTERLINK,file:///Users/ed4565/Development/polifonia/wp4-competency-questions/./stories/William:%20Curator%20Europeana/William%231EuropeanFolkMusic.md
CQ1: Is a composer known for composition X?,TUNES,file:///Users/ed4565/Development/polifonia/wp4-competency-questions/./stories/Mark:%20Computational%20Musicologist/Mark%231_FolkMusic.md
CQ1: What are the instruments that play the musical piece?,"",file:///Users/ed4565/Development/polifonia/wp4-competency-questions/./stories/Sophia:%20Musicologist/Sophia%233_Reorchestration.md
CQ1: What are the most relevant dimensions to classify on the fly a result set ?,FACETS,file:///Users/ed4565/Development/polifonia/wp4-competency-questions/./stories/Jorge:%20Librarian/Jorge%233DynamicExploration.md
CQ1: What does the organ look like?,ORGANS,file:///Users/ed4565/Development/polifonia/wp4-competency-questions/./stories/Frank:%20Organist/Frank%231_OrganKnowledge.md
CQ1: What is the connection between two musical pieces?,INTERLINK,file:///Users/ed4565/Development/polifonia/wp4-competency-questions/./stories/Sonia:%20Playlist%20User/Sonia%232_ShuffleMode.md
CQ1: What is the musical piece that the persona selects?,INTERLINK,file:///Users/ed4565/Development/polifonia/wp4-competency-questions/./stories/Sonia:%20Playlist%20User/Sonia%231_ExplorationMode.md
CQ1: What is the rhythm of the bassline?,ACCESS,file:///Users/ed4565/Development/polifonia/wp4-competency-questions/./stories/Anna:%20Hearing-impaired/Anna%231_HearingMusic.md
CQ1: What music was being played?,MEETUPS,file:///Users/ed4565/Development/polifonia/wp4-competency-questions/./stories/David:%20Music%20Historian/David%231_MusicHistorian.md
CQ1: What places did muciain Z visited in her career?,MEETUPS,file:///Users/ed4565/Development/polifonia/wp4-competency-questions/./stories/Ortenz:%20Music%20Historian/Ortenz%232_MusicalSocialNetwork.md
CQ1: What tunes have similar geographic origin as tune X?,TUNES,file:///Users/ed4565/Development/polifonia/wp4-competency-questions/./stories/Brendan:%20Traditional%20Musician/Brendan%231_FindTraditionalMusic.md
CQ1: What was Wagner's first performance in Bologna? On what date?,MUSICBO,file:///Users/ed4565/Development/polifonia/wp4-competency-questions/./stories/Valeriana%20:%20Linguist/Valeriana%231_DiscourseAnalysis.md
CQ1: Where is the Bell Tower?,BELLS,file:///Users/ed4565/Development/polifonia/wp4-competency-questions/./stories/Patrizia:%20Ethnoanthropologist/Patrizia%231_IdentificationOfIntangibleElements.md
CQ1: Where is the building?,BELLS,file:///Users/ed4565/Development/polifonia/wp4-competency-questions/./stories/Keoma:%20Architect/Keoma%231_RestorationAndSoundPractices.md
CQ1: Where was the musical composition X performed? ,MUSICBO,file:///Users/ed4565/Development/polifonia/wp4-competency-questions/./stories/Carolina:%20Music%20Historian/Carolina%231_SourcesCrossAnalysis.md
CQ1: Which are all organs at location X?,ORGANS,file:///Users/ed4565/Development/polifonia/wp4-competency-questions/./stories/Paul:%20Organ%20Advisor/Paul%231_OrganComparison.md
CQ1: Who is the poet (librettist) associated with a text?,"",file:///Users/ed4565/Development/polifonia/wp4-competency-questions/./stories/Ralph:%20Music%20Historian/Ralph%231_WordsAndMusic.md
CQ2)What are the meanings of the word 'vocality' in French (y)?,MUSICBO,file:///Users/ed4565/Development/polifonia/wp4-competency-questions/./stories/Valeriana%20:%20Linguist/Valeriana%232_Terminology.md
CQ2. How is music used to teach children about identity and heritage?,CHILD,file:///Users/ed4565/Development/polifonia/wp4-competency-questions/./stories/Ortenz:%20Music%20Historian/Ortenz%231_MusicAndChildhood.md
CQ2.1 In which source there is evidence of children as target audience and music as subject?,CHILD,file:///Users/ed4565/Development/polifonia/wp4-competency-questions/./stories/Ortenz:%20Music%20Historian/Ortenz%231_MusicAndChildhood.md
CQ2.12 How subjects/goals/contexts of usage change over time?,CHILD,file:///Users/ed4565/Development/polifonia/wp4-competency-questions/./stories/Ortenz:%20Music%20Historian/Ortenz%231_MusicAndChildhood.md
CQ2.2 What are the subjects of the source?,CHILD,file:///Users/ed4565/Development/polifonia/wp4-competency-questions/./stories/Ortenz:%20Music%20Historian/Ortenz%231_MusicAndChildhood.md
CQ2.3 What are the subjects that are related to national identity?,CHILD,file:///Users/ed4565/Development/polifonia/wp4-competency-questions/./stories/Ortenz:%20Music%20Historian/Ortenz%231_MusicAndChildhood.md
CQ2.4 What are the subjects that are related to national heritage?,CHILD,file:///Users/ed4565/Development/polifonia/wp4-competency-questions/./stories/Ortenz:%20Music%20Historian/Ortenz%231_MusicAndChildhood.md
CQ2.5 When was the source produced?,CHILD,file:///Users/ed4565/Development/polifonia/wp4-competency-questions/./stories/Ortenz:%20Music%20Historian/Ortenz%231_MusicAndChildhood.md
CQ2.6 Where was the source produced?,CHILD,file:///Users/ed4565/Development/polifonia/wp4-competency-questions/./stories/Ortenz:%20Music%20Historian/Ortenz%231_MusicAndChildhood.md
CQ2.7 Who produced the source?,CHILD,file:///Users/ed4565/Development/polifonia/wp4-competency-questions/./stories/Ortenz:%20Music%20Historian/Ortenz%231_MusicAndChildhood.md
CQ20: How was the musical composition X received? ,MUSICBO,file:///Users/ed4565/Development/polifonia/wp4-competency-questions/./stories/Carolina:%20Music%20Historian/Carolina%231_SourcesCrossAnalysis.md
CQ20: What is the serial number of composition X in source Y?,TUNES,file:///Users/ed4565/Development/polifonia/wp4-competency-questions/./stories/Mark:%20Computational%20Musicologist/Mark%231_FolkMusic.md
CQ20: Which are all organs with pitch heigher than X Hz?,ORGANS,file:///Users/ed4565/Development/polifonia/wp4-competency-questions/./stories/Paul:%20Organ%20Advisor/Paul%231_OrganComparison.md
CQ21: Does the composition contain any quotation from other composition(s)?,TONALITIES,file:///Users/ed4565/Development/polifonia/wp4-competency-questions/./stories/Sethus:%20Music%20Theorist/Sethus%233_ConflictingAnalyticalAnnotations.md
CQ21: How was the performance of musical composition X received? ,MUSICBO,file:///Users/ed4565/Development/polifonia/wp4-competency-questions/./stories/Carolina:%20Music%20Historian/Carolina%231_SourcesCrossAnalysis.md
CQ21: What printed source shares content with manuscript X?,TUNES,file:///Users/ed4565/Development/polifonia/wp4-competency-questions/./stories/Mark:%20Computational%20Musicologist/Mark%231_FolkMusic.md
CQ21: Which are all organs with wind pressure higher than X mm?,ORGANS,file:///Users/ed4565/Development/polifonia/wp4-competency-questions/./stories/Paul:%20Organ%20Advisor/Paul%231_OrganComparison.md
CQ22: What is the language of the lyrics of tune X?,TUNES,file:///Users/ed4565/Development/polifonia/wp4-competency-questions/./stories/Mark:%20Computational%20Musicologist/Mark%231_FolkMusic.md
CQ22: What is the origin of the composition?,TONALITIES,file:///Users/ed4565/Development/polifonia/wp4-competency-questions/./stories/Sethus:%20Music%20Theorist/Sethus%233_ConflictingAnalyticalAnnotations.md
CQ22: When was a musical composition performed? ,MUSICBO,file:///Users/ed4565/Development/polifonia/wp4-competency-questions/./stories/Carolina:%20Music%20Historian/Carolina%231_SourcesCrossAnalysis.md
CQ22: Which are all organs with wind pressure lower than X mm?,ORGANS,file:///Users/ed4565/Development/polifonia/wp4-competency-questions/./stories/Paul:%20Organ%20Advisor/Paul%231_OrganComparison.md
CQ23: Has composition X been identified as variant in a tune family?,TUNES,file:///Users/ed4565/Development/polifonia/wp4-competency-questions/./stories/Mark:%20Computational%20Musicologist/Mark%231_FolkMusic.md
CQ23: Which are all organs with key action type X?,ORGANS,file:///Users/ed4565/Development/polifonia/wp4-competency-questions/./stories/Paul:%20Organ%20Advisor/Paul%231_OrganComparison.md
CQ24: Which are all organs with stop action type X?,ORGANS,file:///Users/ed4565/Development/polifonia/wp4-competency-questions/./stories/Paul:%20Organ%20Advisor/Paul%231_OrganComparison.md
CQ24: Which tune family does composition X belong to?,TUNES,file:///Users/ed4565/Development/polifonia/wp4-competency-questions/./stories/Mark:%20Computational%20Musicologist/Mark%231_FolkMusic.md
CQ25: Which are all organs with pitch lower than X Hz?,ORGANS,file:///Users/ed4565/Development/polifonia/wp4-competency-questions/./stories/Paul:%20Organ%20Advisor/Paul%231_OrganComparison.md
CQ25: Who assigned composition X to tune family Y?,TUNES,file:///Users/ed4565/Development/polifonia/wp4-competency-questions/./stories/Mark:%20Computational%20Musicologist/Mark%231_FolkMusic.md
CQ25: Who is the scientific editor of the composition?,TONALITIES,file:///Users/ed4565/Development/polifonia/wp4-competency-questions/./stories/Sethus:%20Music%20Theorist/Sethus%233_ConflictingAnalyticalAnnotations.md
CQ26: Which are all organs with console location X?,ORGANS,file:///Users/ed4565/Development/polifonia/wp4-competency-questions/./stories/Paul:%20Organ%20Advisor/Paul%231_OrganComparison.md
CQ26: With what level of confidence is composition X a variant in tune family Y?,TUNES,file:///Users/ed4565/Development/polifonia/wp4-competency-questions/./stories/Mark:%20Computational%20Musicologist/Mark%231_FolkMusic.md
CQ27: What are all compositions in tune family X?,TUNES,file:///Users/ed4565/Development/polifonia/wp4-competency-questions/./stories/Mark:%20Computational%20Musicologist/Mark%231_FolkMusic.md
CQ27: What is the year of publication of the music printed source?,TONALITIES,file:///Users/ed4565/Development/polifonia/wp4-competency-questions/./stories/Sethus:%20Music%20Theorist/Sethus%233_ConflictingAnalyticalAnnotations.md
CQ27: Which are all organs based on search term X?,ORGANS,file:///Users/ed4565/Development/polifonia/wp4-competency-questions/./stories/Paul:%20Organ%20Advisor/Paul%231_OrganComparison.md
CQ28: What are the similarities / differences of all compositions in tune family X according to measure Y?,TUNES,file:///Users/ed4565/Development/polifonia/wp4-competency-questions/./stories/Mark:%20Computational%20Musicologist/Mark%231_FolkMusic.md
CQ28: Where was the music printed source published?,TONALITIES,file:///Users/ed4565/Development/polifonia/wp4-competency-questions/./stories/Sethus:%20Music%20Theorist/Sethus%233_ConflictingAnalyticalAnnotations.md
CQ28: Who was the builder of organ X?,ORGANS,file:///Users/ed4565/Development/polifonia/wp4-competency-questions/./stories/Paul:%20Organ%20Advisor/Paul%231_OrganComparison.md
CQ29: What is the current location of organ X?,ORGANS,file:///Users/ed4565/Development/polifonia/wp4-competency-questions/./stories/Paul:%20Organ%20Advisor/Paul%231_OrganComparison.md
CQ29: What is the editor of the music printed source?,TONALITIES,file:///Users/ed4565/Development/polifonia/wp4-competency-questions/./stories/Sethus:%20Music%20Theorist/Sethus%233_ConflictingAnalyticalAnnotations.md
CQ2: A subset can be hierarchically refined based on criteria independant from on another and independant from the initial search pattern. The user can navigate in this hierarchy and refine the search.,FACETS,file:///Users/ed4565/Development/polifonia/wp4-competency-questions/./stories/Sethus:%20Music%20Theorist/Sethus%232_CreateRelevantCorpus.md
CQ2: Can I refer to ,FACETS,file:///Users/ed4565/Development/polifonia/wp4-competency-questions/./stories/Jorge:%20Librarian/Jorge%234LinkToSources.md
CQ2: Can we find music which has a non-obvious relation to some other music?,INTERLINK,file:///Users/ed4565/Development/polifonia/wp4-competency-questions/./stories/Keith:%20Music%20Producer/Keith%231_MusicConnections.md
CQ2: Can we trace the origin of a melody (composer)?,TUNES,file:///Users/ed4565/Development/polifonia/wp4-competency-questions/./stories/Mark:%20Computational%20Musicologist/Mark%231_FolkMusic.md
CQ2: In which buildings was musical composition X performed? ,MUSICBO,file:///Users/ed4565/Development/polifonia/wp4-competency-questions/./stories/Carolina:%20Music%20Historian/Carolina%231_SourcesCrossAnalysis.md
CQ2: In which countries does song X occur?,INTERLINK,file:///Users/ed4565/Development/polifonia/wp4-competency-questions/./stories/William:%20Curator%20Europeana/William%231EuropeanFolkMusic.md
CQ2: In which group does the instrument belong to?,"",file:///Users/ed4565/Development/polifonia/wp4-competency-questions/./stories/Sophia:%20Musicologist/Sophia%233_Reorchestration.md
CQ2: Is a musical piece connected to another musical piece by historical event?,INTERLINK,file:///Users/ed4565/Development/polifonia/wp4-competency-questions/./stories/Sonia:%20Playlist%20User/Sonia%232_ShuffleMode.md
CQ2: What features can be extracted on the fly from a score content to partition in a meaning ful way a score collection?,FACETS,file:///Users/ed4565/Development/polifonia/wp4-competency-questions/./stories/Jorge:%20Librarian/Jorge%233DynamicExploration.md
CQ2: What is the emotion represented by a portion of text (~140 categories)?,"",file:///Users/ed4565/Development/polifonia/wp4-competency-questions/./stories/Ralph:%20Music%20Historian/Ralph%231_WordsAndMusic.md
CQ2: What is the name of the composer specified in the source of this composition?,TUNES,file:///Users/ed4565/Development/polifonia/wp4-competency-questions/./stories/Mark:%20Computational%20Musicologist/Mark%231_FolkMusic.md
CQ2: What is the rhythm of the electronic drum kit?,ACCESS,file:///Users/ed4565/Development/polifonia/wp4-competency-questions/./stories/Anna:%20Hearing-impaired/Anna%231_HearingMusic.md
CQ2: What kind of execution characterizes that bell tower?,BELLS,file:///Users/ed4565/Development/polifonia/wp4-competency-questions/./stories/Patrizia:%20Ethnoanthropologist/Patrizia%231_IdentificationOfIntangibleElements.md
CQ2: What kind of repertoire is traditionally performed in that specific location?,BELLS,file:///Users/ed4565/Development/polifonia/wp4-competency-questions/./stories/Keoma:%20Architect/Keoma%231_RestorationAndSoundPractices.md
CQ2: What types of resources can I find?,"",file:///Users/ed4565/Development/polifonia/wp4-competency-questions/./stories/Laurent:%20Music%20Journalist/Laurent%231_MusicArchives.md
CQ2: What types of resources can I find?,ORGANS,file:///Users/ed4565/Development/polifonia/wp4-competency-questions/./stories/Andrea:%20Theology%20Scholar/Andrea%231_Serendipity.md
CQ2: What was Verdi's first performance in Bologna? On what date?,MUSICBO,file:///Users/ed4565/Development/polifonia/wp4-competency-questions/./stories/Valeriana%20:%20Linguist/Valeriana%231_DiscourseAnalysis.md
CQ2: When (what year) was the building built?,BELLS,file:///Users/ed4565/Development/polifonia/wp4-competency-questions/./stories/Keoma:%20Architect/Keoma%231_RestorationAndSoundPractices.md
CQ2: Which are all organs in city X?,ORGANS,file:///Users/ed4565/Development/polifonia/wp4-competency-questions/./stories/Paul:%20Organ%20Advisor/Paul%231_OrganComparison.md
CQ2: Which organs are built in a similar style?,ORGANS,file:///Users/ed4565/Development/polifonia/wp4-competency-questions/./stories/Frank:%20Organist/Frank%231_OrganKnowledge.md
CQ2: Who was listening to the music?,MEETUPS,file:///Users/ed4565/Development/polifonia/wp4-competency-questions/./stories/David:%20Music%20Historian/David%231_MusicHistorian.md
CQ2: With which image/textual information/multimedia/musical piece is the selected musical piece connected to inside/outside the playlist?,INTERLINK,file:///Users/ed4565/Development/polifonia/wp4-competency-questions/./stories/Sonia:%20Playlist%20User/Sonia%231_ExplorationMode.md
CQ3) What are the meanings of the word 'vocality' in German (z)?,MUSICBO,file:///Users/ed4565/Development/polifonia/wp4-competency-questions/./stories/Valeriana%20:%20Linguist/Valeriana%232_Terminology.md
CQ3. What different motifs exist in a piece of music?,"",file:///Users/ed4565/Development/polifonia/wp4-competency-questions/./stories/Sophia:%20Musicologist/Sophia%232_OriginsAndForm.md
CQ3. What is the adult perception of the role of music in children’s education?,CHILD,file:///Users/ed4565/Development/polifonia/wp4-competency-questions/./stories/Ortenz:%20Music%20Historian/Ortenz%231_MusicAndChildhood.md
CQ3.1 What is the goal of the official sources?,CHILD,file:///Users/ed4565/Development/polifonia/wp4-competency-questions/./stories/Ortenz:%20Music%20Historian/Ortenz%231_MusicAndChildhood.md
CQ3.2 To what extent are music subjects relevant (among the others) in official sources targeted to children?,CHILD,file:///Users/ed4565/Development/polifonia/wp4-competency-questions/./stories/Ortenz:%20Music%20Historian/Ortenz%231_MusicAndChildhood.md
CQ30: In what electronic format is the composition available?,TONALITIES,file:///Users/ed4565/Development/polifonia/wp4-competency-questions/./stories/Sethus:%20Music%20Theorist/Sethus%233_ConflictingAnalyticalAnnotations.md
CQ30: What are alternative titles for composition X?,TUNES,file:///Users/ed4565/Development/polifonia/wp4-competency-questions/./stories/Mark:%20Computational%20Musicologist/Mark%231_FolkMusic.md
CQ30: What were previous locations of organ X?,ORGANS,file:///Users/ed4565/Development/polifonia/wp4-competency-questions/./stories/Paul:%20Organ%20Advisor/Paul%231_OrganComparison.md
CQ31: What are the differences / similarities between two corpora of compositions concerning features Y1..Yn?,TUNES,file:///Users/ed4565/Development/polifonia/wp4-competency-questions/./stories/Mark:%20Computational%20Musicologist/Mark%231_FolkMusic.md
CQ31: What is the license of the final reused/modified electronic format of the score?,TONALITIES,file:///Users/ed4565/Development/polifonia/wp4-competency-questions/./stories/Sethus:%20Music%20Theorist/Sethus%233_ConflictingAnalyticalAnnotations.md
CQ31: When have changes been made to organ X?,ORGANS,file:///Users/ed4565/Development/polifonia/wp4-competency-questions/./stories/Paul:%20Organ%20Advisor/Paul%231_OrganComparison.md
CQ32: What are longitudinal differences / similarities within a corpus concerning features Y1..Yn?,TUNES,file:///Users/ed4565/Development/polifonia/wp4-competency-questions/./stories/Mark:%20Computational%20Musicologist/Mark%231_FolkMusic.md
CQ32: What changes have been made to organ X?,ORGANS,file:///Users/ed4565/Development/polifonia/wp4-competency-questions/./stories/Paul:%20Organ%20Advisor/Paul%231_OrganComparison.md
CQ33: What are the differences / similarities between two corpora of compositions concerning occurrences of patterns?,TUNES,file:///Users/ed4565/Development/polifonia/wp4-competency-questions/./stories/Mark:%20Computational%20Musicologist/Mark%231_FolkMusic.md
CQ33: Why was change X made to organ Y?,ORGANS,file:///Users/ed4565/Development/polifonia/wp4-competency-questions/./stories/Paul:%20Organ%20Advisor/Paul%231_OrganComparison.md
CQ34: What are longitudinal differences / similarities within a corpus concerning occurrences of patterns?,TUNES,file:///Users/ed4565/Development/polifonia/wp4-competency-questions/./stories/Mark:%20Computational%20Musicologist/Mark%231_FolkMusic.md
CQ34: What is the current disposition of organ X?,ORGANS,file:///Users/ed4565/Development/polifonia/wp4-competency-questions/./stories/Paul:%20Organ%20Advisor/Paul%231_OrganComparison.md
CQ35: What is the composition of stop X in organ Y?,ORGANS,file:///Users/ed4565/Development/polifonia/wp4-competency-questions/./stories/Paul:%20Organ%20Advisor/Paul%231_OrganComparison.md
CQ35: What patterns do the compositions in corpus X share?,TUNES,file:///Users/ed4565/Development/polifonia/wp4-competency-questions/./stories/Mark:%20Computational%20Musicologist/Mark%231_FolkMusic.md
CQ36: Of which material is stop X made?,ORGANS,file:///Users/ed4565/Development/polifonia/wp4-competency-questions/./stories/Paul:%20Organ%20Advisor/Paul%231_OrganComparison.md
CQ36: What patterns are overrepresented in corpus X compared to corpus Y?,TUNES,file:///Users/ed4565/Development/polifonia/wp4-competency-questions/./stories/Mark:%20Computational%20Musicologist/Mark%231_FolkMusic.md
CQ37: Of which material is the case of organ X made?,ORGANS,file:///Users/ed4565/Development/polifonia/wp4-competency-questions/./stories/Paul:%20Organ%20Advisor/Paul%231_OrganComparison.md
CQ38: Which materials have been used to build organ X?,ORGANS,file:///Users/ed4565/Development/polifonia/wp4-competency-questions/./stories/Paul:%20Organ%20Advisor/Paul%231_OrganComparison.md
CQ39: What historic dispositions are known for organ X?,ORGANS,file:///Users/ed4565/Development/polifonia/wp4-competency-questions/./stories/Paul:%20Organ%20Advisor/Paul%231_OrganComparison.md
CQ3: Are there formalized collective actors who carry out sound practices?,BELLS,file:///Users/ed4565/Development/polifonia/wp4-competency-questions/./stories/Patrizia:%20Ethnoanthropologist/Patrizia%231_IdentificationOfIntangibleElements.md
CQ3: How did the instruments used change over time?,MEETUPS,file:///Users/ed4565/Development/polifonia/wp4-competency-questions/./stories/David:%20Music%20Historian/David%231_MusicHistorian.md
CQ3: In what context the meeting happend?,MEETUPS,file:///Users/ed4565/Development/polifonia/wp4-competency-questions/./stories/Ortenz:%20Music%20Historian/Ortenz%232_MusicalSocialNetwork.md
CQ3: In which family does the instrument belong to?,"",file:///Users/ed4565/Development/polifonia/wp4-competency-questions/./stories/Sophia:%20Musicologist/Sophia%233_Reorchestration.md
CQ3: Is the music resource X complete or incomplete?,"",file:///Users/ed4565/Development/polifonia/wp4-competency-questions/./stories/Laurent:%20Music%20Journalist/Laurent%231_MusicArchives.md
CQ3: Is there a way of visualizing all the materials connected to my interests?,ORGANS,file:///Users/ed4565/Development/polifonia/wp4-competency-questions/./stories/Andrea:%20Theology%20Scholar/Andrea%231_Serendipity.md
CQ3: What are the cadence points in the work?,TONALITIES,file:///Users/ed4565/Development/polifonia/wp4-competency-questions/./stories/Sethus:%20Music%20Theorist/Sethus%233_ConflictingAnalyticalAnnotations.md
CQ3: What is the concert agenda for organ X?,ORGANS,file:///Users/ed4565/Development/polifonia/wp4-competency-questions/./stories/Frank:%20Organist/Frank%231_OrganKnowledge.md
CQ3: What is the dating that accompanies this repertoire?,BELLS,file:///Users/ed4565/Development/polifonia/wp4-competency-questions/./stories/Keoma:%20Architect/Keoma%231_RestorationAndSoundPractices.md
CQ3: What is the similarity between compositions X and Y given similarity measure Z?,TUNES,file:///Users/ed4565/Development/polifonia/wp4-competency-questions/./stories/Mark:%20Computational%20Musicologist/Mark%231_FolkMusic.md
CQ3: Where was the musical composition X performed for the first time? ,MUSICBO,file:///Users/ed4565/Development/polifonia/wp4-competency-questions/./stories/Carolina:%20Music%20Historian/Carolina%231_SourcesCrossAnalysis.md
CQ3: Which compositions match with William's thematic focus for the exhibition?,INTERLINK,file:///Users/ed4565/Development/polifonia/wp4-competency-questions/./stories/William:%20Curator%20Europeana/William%231EuropeanFolkMusic.md
CQ3: Which feature is selected to create the shuffle?,INTERLINK,file:///Users/ed4565/Development/polifonia/wp4-competency-questions/./stories/Sonia:%20Playlist%20User/Sonia%232_ShuffleMode.md
CQ3: Which is the melodic pattern of the musical piece?,INTERLINK,file:///Users/ed4565/Development/polifonia/wp4-competency-questions/./stories/Sonia:%20Playlist%20User/Sonia%231_ExplorationMode.md
CQ3: Who were the public figures who participated in event X (or Y)?,MUSICBO,file:///Users/ed4565/Development/polifonia/wp4-competency-questions/./stories/Valeriana%20:%20Linguist/Valeriana%231_DiscourseAnalysis.md
CQ4) What are the meanings of the word 'vocality' in Spanish (h)?,MUSICBO,file:///Users/ed4565/Development/polifonia/wp4-competency-questions/./stories/Valeriana%20:%20Linguist/Valeriana%232_Terminology.md
CQ40: What is the source for historic disposition X of organ Y?,ORGANS,file:///Users/ed4565/Development/polifonia/wp4-competency-questions/./stories/Paul:%20Organ%20Advisor/Paul%231_OrganComparison.md
CQ41: What is the current pitch of organ X?,ORGANS,file:///Users/ed4565/Development/polifonia/wp4-competency-questions/./stories/Paul:%20Organ%20Advisor/Paul%231_OrganComparison.md
CQ42: What are the sources for fact X?,ORGANS,file:///Users/ed4565/Development/polifonia/wp4-competency-questions/./stories/Paul:%20Organ%20Advisor/Paul%232_ResourceReliability.md
CQ42: What is the current temperature of organ X?,ORGANS,file:///Users/ed4565/Development/polifonia/wp4-competency-questions/./stories/Paul:%20Organ%20Advisor/Paul%231_OrganComparison.md
CQ43: What is the current console location of organ X?,ORGANS,file:///Users/ed4565/Development/polifonia/wp4-competency-questions/./stories/Paul:%20Organ%20Advisor/Paul%231_OrganComparison.md
CQ44: What is the current wind system type of organ X?,ORGANS,file:///Users/ed4565/Development/polifonia/wp4-competency-questions/./stories/Paul:%20Organ%20Advisor/Paul%231_OrganComparison.md
CQ45: What is the current wind pressure of organ X?,ORGANS,file:///Users/ed4565/Development/polifonia/wp4-competency-questions/./stories/Paul:%20Organ%20Advisor/Paul%231_OrganComparison.md
CQ46: What are the characteristics of the case of organ X?,ORGANS,file:///Users/ed4565/Development/polifonia/wp4-competency-questions/./stories/Paul:%20Organ%20Advisor/Paul%231_OrganComparison.md
CQ47: What are decorative elements of the case of organ X?,ORGANS,file:///Users/ed4565/Development/polifonia/wp4-competency-questions/./stories/Paul:%20Organ%20Advisor/Paul%231_OrganComparison.md
CQ48: What are inscriptions on the case of organ X?,ORGANS,file:///Users/ed4565/Development/polifonia/wp4-competency-questions/./stories/Paul:%20Organ%20Advisor/Paul%231_OrganComparison.md
CQ49: What are the dispositions of all organs made by organ builder X?,ORGANS,file:///Users/ed4565/Development/polifonia/wp4-competency-questions/./stories/Paul:%20Organ%20Advisor/Paul%231_OrganComparison.md
CQ4: Are there bells in a church?,BELLS,file:///Users/ed4565/Development/polifonia/wp4-competency-questions/./stories/Keoma:%20Architect/Keoma%231_RestorationAndSoundPractices.md
CQ4: Are there formalized transmission methods that characterize the acquisition of skills related to the bell practice?,BELLS,file:///Users/ed4565/Development/polifonia/wp4-competency-questions/./stories/Patrizia:%20Ethnoanthropologist/Patrizia%231_IdentificationOfIntangibleElements.md
CQ4: Can I examine ,FACETS,file:///Users/ed4565/Development/polifonia/wp4-competency-questions/./stories/Jorge:%20Librarian/Jorge%231_OrganizeMyLibrary.md
CQ4: Can I keep getting suggestions in real time?,ORGANS,file:///Users/ed4565/Development/polifonia/wp4-competency-questions/./stories/Andrea:%20Theology%20Scholar/Andrea%231_Serendipity.md
CQ4: In which buildings was musical composition X performed for the first time? ,MUSICBO,file:///Users/ed4565/Development/polifonia/wp4-competency-questions/./stories/Carolina:%20Music%20Historian/Carolina%231_SourcesCrossAnalysis.md
CQ4: In which other musical pieces does the melodic pattern appear?,INTERLINK,file:///Users/ed4565/Development/polifonia/wp4-competency-questions/./stories/Sonia:%20Playlist%20User/Sonia%231_ExplorationMode.md
CQ4: Is a dataset attached to resource X?,"",file:///Users/ed4565/Development/polifonia/wp4-competency-questions/./stories/Laurent:%20Music%20Journalist/Laurent%231_MusicArchives.md
CQ4: Is it a repertoire performed in the contemporary world?,BELLS,file:///Users/ed4565/Development/polifonia/wp4-competency-questions/./stories/Keoma:%20Architect/Keoma%231_RestorationAndSoundPractices.md
CQ4: What are the part’s ranges?  Do they correspond to modal octaves?,TONALITIES,file:///Users/ed4565/Development/polifonia/wp4-competency-questions/./stories/Sethus:%20Music%20Theorist/Sethus%233_ConflictingAnalyticalAnnotations.md
CQ4: What are the types of features that are used to create shuffles?,INTERLINK,file:///Users/ed4565/Development/polifonia/wp4-competency-questions/./stories/Sonia:%20Playlist%20User/Sonia%232_ShuffleMode.md
CQ4: What is the provenance of the event attendees? What and how they happened to be there?,MEETUPS,file:///Users/ed4565/Development/polifonia/wp4-competency-questions/./stories/Ortenz:%20Music%20Historian/Ortenz%232_MusicalSocialNetwork.md
CQ4: What was source of money – e.g. for instruments?,MEETUPS,file:///Users/ed4565/Development/polifonia/wp4-competency-questions/./stories/David:%20Music%20Historian/David%231_MusicHistorian.md
CQ4: Where to find audio/video resources featuring organ X?,ORGANS,file:///Users/ed4565/Development/polifonia/wp4-competency-questions/./stories/Frank:%20Organist/Frank%231_OrganKnowledge.md
CQ4: Which are all organs that have stop X?,ORGANS,file:///Users/ed4565/Development/polifonia/wp4-competency-questions/./stories/Paul:%20Organ%20Advisor/Paul%231_OrganComparison.md
CQ4: Which composers and performers are related to these compositions?',INTERLINK,file:///Users/ed4565/Development/polifonia/wp4-competency-questions/./stories/William:%20Curator%20Europeana/William%231EuropeanFolkMusic.md
CQ4: Which is the timbre of the instrument?,"",file:///Users/ed4565/Development/polifonia/wp4-competency-questions/./stories/Sophia:%20Musicologist/Sophia%233_Reorchestration.md
CQ4: Which tunes are similar to tune X given similarity measure Y?,TUNES,file:///Users/ed4565/Development/polifonia/wp4-competency-questions/./stories/Mark:%20Computational%20Musicologist/Mark%231_FolkMusic.md
CQ4: Who were the musicians who participated in event X (or Y)?,MUSICBO,file:///Users/ed4565/Development/polifonia/wp4-competency-questions/./stories/Valeriana%20:%20Linguist/Valeriana%231_DiscourseAnalysis.md
CQ5)How do the words x and y change over time?,MUSICBO,file:///Users/ed4565/Development/polifonia/wp4-competency-questions/./stories/Valeriana%20:%20Linguist/Valeriana%232_Terminology.md
CQ50: What are the sources for fact X?,ORGANS,file:///Users/ed4565/Development/polifonia/wp4-competency-questions/./stories/Paul:%20Organ%20Advisor/Paul%231_OrganComparison.md
CQ52: What literature exists about organ X?,ORGANS,file:///Users/ed4565/Development/polifonia/wp4-competency-questions/./stories/Paul:%20Organ%20Advisor/Paul%231_OrganComparison.md
CQ53: What literature exists about organ builder X?,ORGANS,file:///Users/ed4565/Development/polifonia/wp4-competency-questions/./stories/Paul:%20Organ%20Advisor/Paul%231_OrganComparison.md
CQ54: What sources are available regarding the sound of organ X?,ORGANS,file:///Users/ed4565/Development/polifonia/wp4-competency-questions/./stories/Paul:%20Organ%20Advisor/Paul%231_OrganComparison.md
CQ55: Does organ X stil exist?,ORGANS,file:///Users/ed4565/Development/polifonia/wp4-competency-questions/./stories/Paul:%20Organ%20Advisor/Paul%231_OrganComparison.md
CQ56: When was organ X deconstructed?,ORGANS,file:///Users/ed4565/Development/polifonia/wp4-competency-questions/./stories/Paul:%20Organ%20Advisor/Paul%231_OrganComparison.md
CQ57: Why was organ X deconstructed?,ORGANS,file:///Users/ed4565/Development/polifonia/wp4-competency-questions/./stories/Paul:%20Organ%20Advisor/Paul%231_OrganComparison.md
CQ58: Which parts of deconstructed organ X are still in existence?,ORGANS,file:///Users/ed4565/Development/polifonia/wp4-competency-questions/./stories/Paul:%20Organ%20Advisor/Paul%231_OrganComparison.md
CQ59: Where are parts of deconstructed organ X currently located?,ORGANS,file:///Users/ed4565/Development/polifonia/wp4-competency-questions/./stories/Paul:%20Organ%20Advisor/Paul%231_OrganComparison.md
CQ5: Can I add resources as a user?,"",file:///Users/ed4565/Development/polifonia/wp4-competency-questions/./stories/Laurent:%20Music%20Journalist/Laurent%231_MusicArchives.md
CQ5: How can I share what I find on the site?,ORGANS,file:///Users/ed4565/Development/polifonia/wp4-competency-questions/./stories/Andrea:%20Theology%20Scholar/Andrea%231_Serendipity.md
CQ5: How can we characterize the relation among the participants?,MEETUPS,file:///Users/ed4565/Development/polifonia/wp4-competency-questions/./stories/Ortenz:%20Music%20Historian/Ortenz%232_MusicalSocialNetwork.md
CQ5: In which historical documents is composer X mentioned?,INTERLINK,file:///Users/ed4565/Development/polifonia/wp4-competency-questions/./stories/William:%20Curator%20Europeana/William%231EuropeanFolkMusic.md
CQ5: Is it a repertoire in that place currently performed by hand or by electric means?,BELLS,file:///Users/ed4565/Development/polifonia/wp4-competency-questions/./stories/Keoma:%20Architect/Keoma%231_RestorationAndSoundPractices.md
CQ5: What are the metadata for collection X?,TUNES,file:///Users/ed4565/Development/polifonia/wp4-competency-questions/./stories/Brendan:%20Traditional%20Musician/Brendan%231_FindTraditionalMusic.md
CQ5: What is the final of the bassus?,TONALITIES,file:///Users/ed4565/Development/polifonia/wp4-competency-questions/./stories/Sethus:%20Music%20Theorist/Sethus%233_ConflictingAnalyticalAnnotations.md
CQ5: Where to find audio/video resources featuring organist X?,ORGANS,file:///Users/ed4565/Development/polifonia/wp4-competency-questions/./stories/Frank:%20Organist/Frank%231_OrganKnowledge.md
CQ5: Where were the musicians coming from?,MEETUPS,file:///Users/ed4565/Development/polifonia/wp4-competency-questions/./stories/David:%20Music%20Historian/David%231_MusicHistorian.md
CQ5: Which age groups do the transmission practices involve?,BELLS,file:///Users/ed4565/Development/polifonia/wp4-competency-questions/./stories/Patrizia:%20Ethnoanthropologist/Patrizia%231_IdentificationOfIntangibleElements.md
CQ5: Which are all organs with playing aid X?,ORGANS,file:///Users/ed4565/Development/polifonia/wp4-competency-questions/./stories/Paul:%20Organ%20Advisor/Paul%231_OrganComparison.md
CQ5: Which is the immediate previous/next musical piece?,INTERLINK,file:///Users/ed4565/Development/polifonia/wp4-competency-questions/./stories/Sonia:%20Playlist%20User/Sonia%232_ShuffleMode.md
CQ5: Which is the mounting system of the bell?,BELLS,file:///Users/ed4565/Development/polifonia/wp4-competency-questions/./stories/Keoma:%20Architect/Keoma%231_RestorationAndSoundPractices.md
CQ5: Which is the range of pitches available on the instrument?,"",file:///Users/ed4565/Development/polifonia/wp4-competency-questions/./stories/Sophia:%20Musicologist/Sophia%233_Reorchestration.md
CQ5: Who (which source) attributed composition X to composer Y?,TUNES,file:///Users/ed4565/Development/polifonia/wp4-competency-questions/./stories/Mark:%20Computational%20Musicologist/Mark%231_FolkMusic.md
CQ5: Who is/are the composer(s)/musician(s) of the musical piece?,INTERLINK,file:///Users/ed4565/Development/polifonia/wp4-competency-questions/./stories/Sonia:%20Playlist%20User/Sonia%231_ExplorationMode.md
CQ5: Who talked about event X (or Y)?,MUSICBO,file:///Users/ed4565/Development/polifonia/wp4-competency-questions/./stories/Valeriana%20:%20Linguist/Valeriana%231_DiscourseAnalysis.md
CQ5: navigating through a Relevant Corpus is based on anotation and search patterns,FACETS,file:///Users/ed4565/Development/polifonia/wp4-competency-questions/./stories/Sethus:%20Music%20Theorist/Sethus%232_CreateRelevantCorpus.md
CQ60: Which components of organ X have been reused from other (earlier) organs?,ORGANS,file:///Users/ed4565/Development/polifonia/wp4-competency-questions/./stories/Paul:%20Organ%20Advisor/Paul%231_OrganComparison.md
CQ61: What is the origin of component X of organ Y?,ORGANS,file:///Users/ed4565/Development/polifonia/wp4-competency-questions/./stories/Paul:%20Organ%20Advisor/Paul%231_OrganComparison.md
CQ62: Which are all organs that have components made by organ builder X?,ORGANS,file:///Users/ed4565/Development/polifonia/wp4-competency-questions/./stories/Paul:%20Organ%20Advisor/Paul%231_OrganComparison.md
CQ6: Can we link repertoires by scribes?,TUNES,file:///Users/ed4565/Development/polifonia/wp4-competency-questions/./stories/Mark:%20Computational%20Musicologist/Mark%231_FolkMusic.md
CQ6: Do transmission practices involve both men and women?,BELLS,file:///Users/ed4565/Development/polifonia/wp4-competency-questions/./stories/Patrizia:%20Ethnoanthropologist/Patrizia%231_IdentificationOfIntangibleElements.md
CQ6: How I personalize my navigation experience without knowing the filtering criteria or the materials' characteristics?,ORGANS,file:///Users/ed4565/Development/polifonia/wp4-competency-questions/./stories/Andrea:%20Theology%20Scholar/Andrea%231_Serendipity.md
CQ6: How can I share what I find on the site?,"",file:///Users/ed4565/Development/polifonia/wp4-competency-questions/./stories/Laurent:%20Music%20Journalist/Laurent%231_MusicArchives.md
CQ6: How can one describe and classify a scenario?,"",file:///Users/ed4565/Development/polifonia/wp4-competency-questions/./stories/Ralph:%20Music%20Historian/Ralph%231_WordsAndMusic.md
CQ6: How many people are generally employed for the performance of these sound practices?,BELLS,file:///Users/ed4565/Development/polifonia/wp4-competency-questions/./stories/Keoma:%20Architect/Keoma%231_RestorationAndSoundPractices.md
CQ6: In which works is event X recounted/traced?,MUSICBO,file:///Users/ed4565/Development/polifonia/wp4-competency-questions/./stories/Valeriana%20:%20Linguist/Valeriana%231_DiscourseAnalysis.md
CQ6: Is a musical piece connected to another musical piece by common people?,INTERLINK,file:///Users/ed4565/Development/polifonia/wp4-competency-questions/./stories/Sonia:%20Playlist%20User/Sonia%232_ShuffleMode.md
CQ6: Under which titles is this song known? (multi-language),INTERLINK,file:///Users/ed4565/Development/polifonia/wp4-competency-questions/./stories/William:%20Curator%20Europeana/William%231EuropeanFolkMusic.md
CQ6: What information is available for the composer(s)/musician(s)?,INTERLINK,file:///Users/ed4565/Development/polifonia/wp4-competency-questions/./stories/Sonia:%20Playlist%20User/Sonia%231_ExplorationMode.md
CQ6: What is the address of the owner/maintainer of organ X?,ORGANS,file:///Users/ed4565/Development/polifonia/wp4-competency-questions/./stories/Frank:%20Organist/Frank%231_OrganKnowledge.md
CQ6: What is the last chord?,TONALITIES,file:///Users/ed4565/Development/polifonia/wp4-competency-questions/./stories/Sethus:%20Music%20Theorist/Sethus%233_ConflictingAnalyticalAnnotations.md
CQ6: Which are all known concordances (same composition/tune in another source)?,TUNES,file:///Users/ed4565/Development/polifonia/wp4-competency-questions/./stories/Mark:%20Computational%20Musicologist/Mark%231_FolkMusic.md
CQ6: Which are all organs with more than X stops?,ORGANS,file:///Users/ed4565/Development/polifonia/wp4-competency-questions/./stories/Paul:%20Organ%20Advisor/Paul%231_OrganComparison.md
CQ6: Which is the dynamic range of the instrument?,"",file:///Users/ed4565/Development/polifonia/wp4-competency-questions/./stories/Sophia:%20Musicologist/Sophia%233_Reorchestration.md
CQ6: Which is the material of the bell?,BELLS,file:///Users/ed4565/Development/polifonia/wp4-competency-questions/./stories/Keoma:%20Architect/Keoma%231_RestorationAndSoundPractices.md
CQ6: Who were teaching the musicians?,MEETUPS,file:///Users/ed4565/Development/polifonia/wp4-competency-questions/./stories/David:%20Music%20Historian/David%231_MusicHistorian.md
CQ7) How do these contexts change over time?,MUSICBO,file:///Users/ed4565/Development/polifonia/wp4-competency-questions/./stories/Valeriana%20:%20Linguist/Valeriana%232_Terminology.md
CQ7: Are there any melodic patterns related to modality?,TONALITIES,file:///Users/ed4565/Development/polifonia/wp4-competency-questions/./stories/Sethus:%20Music%20Theorist/Sethus%233_ConflictingAnalyticalAnnotations.md
CQ7: By whom (by which foundry) were they cast?,BELLS,file:///Users/ed4565/Development/polifonia/wp4-competency-questions/./stories/Keoma:%20Architect/Keoma%231_RestorationAndSoundPractices.md
CQ7: Do 'national' repertoires have specific characteristics in terms of frequent patterns?,TUNES,file:///Users/ed4565/Development/polifonia/wp4-competency-questions/./stories/Mark:%20Computational%20Musicologist/Mark%231_FolkMusic.md
CQ7: Do transmission practices include the organization of public events?,BELLS,file:///Users/ed4565/Development/polifonia/wp4-competency-questions/./stories/Patrizia:%20Ethnoanthropologist/Patrizia%231_IdentificationOfIntangibleElements.md
CQ7: In which scores is there evidence of musical composition X? ,MUSICBO,file:///Users/ed4565/Development/polifonia/wp4-competency-questions/./stories/Carolina:%20Music%20Historian/Carolina%231_SourcesCrossAnalysis.md
CQ7: What were the critical reactions to event X (or Y)? Are them positives?,MUSICBO,file:///Users/ed4565/Development/polifonia/wp4-competency-questions/./stories/Valeriana%20:%20Linguist/Valeriana%231_DiscourseAnalysis.md
CQ7: When/Where was the musical piece recorded?,INTERLINK,file:///Users/ed4565/Development/polifonia/wp4-competency-questions/./stories/Sonia:%20Playlist%20User/Sonia%231_ExplorationMode.md
CQ7: Where were the places (in which they played)?,MEETUPS,file:///Users/ed4565/Development/polifonia/wp4-competency-questions/./stories/David:%20Music%20Historian/David%231_MusicHistorian.md
CQ7: Which are all organs with more than X keyboards?,ORGANS,file:///Users/ed4565/Development/polifonia/wp4-competency-questions/./stories/Paul:%20Organ%20Advisor/Paul%231_OrganComparison.md
CQ7: Which concordances of composition X have a composer name associated?,TUNES,file:///Users/ed4565/Development/polifonia/wp4-competency-questions/./stories/Mark:%20Computational%20Musicologist/Mark%231_FolkMusic.md
CQ7: Which is the notation convention of the instrument?,"",file:///Users/ed4565/Development/polifonia/wp4-competency-questions/./stories/Sophia:%20Musicologist/Sophia%233_Reorchestration.md
CQ8: Are there historical evidences of the presence of that sound in the surrounding area?,BELLS,file:///Users/ed4565/Development/polifonia/wp4-competency-questions/./stories/Keoma:%20Architect/Keoma%231_RestorationAndSoundPractices.md
CQ8: How does translation (of lyrics) affect variation in the melody?,TUNES,file:///Users/ed4565/Development/polifonia/wp4-competency-questions/./stories/Mark:%20Computational%20Musicologist/Mark%231_FolkMusic.md
CQ8: How were instruments sold?,MEETUPS,file:///Users/ed4565/Development/polifonia/wp4-competency-questions/./stories/David:%20Music%20Historian/David%231_MusicHistorian.md
CQ8: In which historical documents is there evidence of musical composition X? ,MUSICBO,file:///Users/ed4565/Development/polifonia/wp4-competency-questions/./stories/Carolina:%20Music%20Historian/Carolina%231_SourcesCrossAnalysis.md
CQ8: In which year were they cast?,BELLS,file:///Users/ed4565/Development/polifonia/wp4-competency-questions/./stories/Keoma:%20Architect/Keoma%231_RestorationAndSoundPractices.md
CQ8: To what diatonic environment does the work belong to?,TONALITIES,file:///Users/ed4565/Development/polifonia/wp4-competency-questions/./stories/Sethus:%20Music%20Theorist/Sethus%233_ConflictingAnalyticalAnnotations.md
CQ8: What is the geographic origin of source X?,TUNES,file:///Users/ed4565/Development/polifonia/wp4-competency-questions/./stories/Mark:%20Computational%20Musicologist/Mark%231_FolkMusic.md
CQ8: Which are all organs with manual range starting lower than X?,ORGANS,file:///Users/ed4565/Development/polifonia/wp4-competency-questions/./stories/Paul:%20Organ%20Advisor/Paul%231_OrganComparison.md
CQ8: With which genre is the instrument related to? (To be considered),"",file:///Users/ed4565/Development/polifonia/wp4-competency-questions/./stories/Sophia:%20Musicologist/Sophia%233_Reorchestration.md
CQ9: How many search results are there per time period?,INTERLINK,file:///Users/ed4565/Development/polifonia/wp4-competency-questions/./stories/William:%20Curator%20Europeana/William%231EuropeanFolkMusic.md
CQ9: In what genre of music the instrument was used?,"",file:///Users/ed4565/Development/polifonia/wp4-competency-questions/./stories/Sophia:%20Musicologist/Sophia%233_Reorchestration.md
CQ9: In which bibliographic references is there evidence of musical composition X? ,MUSICBO,file:///Users/ed4565/Development/polifonia/wp4-competency-questions/./stories/Carolina:%20Music%20Historian/Carolina%231_SourcesCrossAnalysis.md
CQ9: What are the part’s clefs and keys?,TONALITIES,file:///Users/ed4565/Development/polifonia/wp4-competency-questions/./stories/Sethus:%20Music%20Theorist/Sethus%233_ConflictingAnalyticalAnnotations.md
CQ9: What was the sales pitch?,MEETUPS,file:///Users/ed4565/Development/polifonia/wp4-competency-questions/./stories/David:%20Music%20Historian/David%231_MusicHistorian.md
CQ9: Which are all organs with manual range ending higher than X?,ORGANS,file:///Users/ed4565/Development/polifonia/wp4-competency-questions/./stories/Paul:%20Organ%20Advisor/Paul%231_OrganComparison.md
CQ9: Which aspects of melody vary and which remain stable in the process of transmission and adaptation?,TUNES,file:///Users/ed4565/Development/polifonia/wp4-competency-questions/./stories/Mark:%20Computational%20Musicologist/Mark%231_FolkMusic.md
CQ9: Which is the nominal/fundamental note of the bell?,BELLS,file:///Users/ed4565/Development/polifonia/wp4-competency-questions/./stories/Keoma:%20Architect/Keoma%231_RestorationAndSoundPractices.md
CQ9: Who were the owners of (manuscript) source X?,TUNES,file:///Users/ed4565/Development/polifonia/wp4-competency-questions/./stories/Mark:%20Computational%20Musicologist/Mark%231_FolkMusic.md
Relevant CQs are all in Paul#1_OrganComparison.,ORGANS,file:///Users/ed4565/Development/polifonia/wp4-competency-questions/./stories/Amy:%20Organologist/Amy%232_OrganBuilders.md
See story Paul#1_OrganComparison for retrieval CQs. In addition:,ORGANS,file:///Users/ed4565/Development/polifonia/wp4-competency-questions/./stories/Frank:%20Organist/Frank%231_OrganKnowledge.md
See the set of CQs for Paul#1_OrganComparison. In addition:,ORGANS,file:///Users/ed4565/Development/polifonia/wp4-competency-questions/./stories/Amy:%20Organologist/Amy%231_OrganTrends.md
